,V1,V2,V3
AAA,1.31,1.35,1.42
AAC,1.18,2.02,2.02
AAG,1.02,1.61,1.99
AAT,1.42,2.01,1.03
ACA,2.02,0.97,0.53
ACC,0.71,1.19,0.83
ACG,0.96,0.96,0
ACT,1.7,2.22,0.59
AGA,1.24,1.07,0.51
AGC,1.68,3.36,3.36
AGG,1.14,0.29,0.33
AGT,0.9,1.11,0.63
ATA,1.08,2.07,2.27
ATC,1.74,0.22,1.19
ATG,2.37,1.15,1.15
ATT,1.56,0.81,0.34
CAA,0.87,0.79,2.13
CAC,0.49,0.85,0.97
CAG,0.36,0.82,0.66
CAT,0.63,1.15,0.94
CCA,0.85,0.25,0.93
CCC,1.19,0.4,0.2
CCG,0.44,0.44,0.88
CCT,1.06,0.77,0.39
CGA,0,0,0
CGC,0,0,0
CGG,0.43,0.43,0.86
CGT,0.59,0.59,0
CTA,1.18,0.86,2.9
CTC,1.66,0.4,0.2
CTG,1.54,0.43,0.69
CTT,1.71,0.68,0.55
GAA,0.91,0.7,1.71
GAC,0.09,0.27,0.63
GAG,0.2,0.45,1.01
GAT,1.63,0.96,1.48
GCA,2.18,1.2,1.31
GCC,0.66,2.13,0.49
GCG,0,0,0
GCT,2.97,2.8,0.79
GGA,0.4,0.5,0.4
GGC,0.11,1.68,0.42
GGG,0.13,0.44,0.93
GGT,0.71,1.11,1.19
GTA,2.71,1.08,3.43
GTC,0.4,0.67,0.47
GTG,1.02,0.14,1.56
GTT,1.98,0.53,0.33
TAA,0.63,2.06,1.77
TAC,1.46,3.74,2.93
TAG,2.1,2.18,0.78
TAT,0.73,2.93,0.63
TCA,0.57,0.17,0.85
TCC,0.52,0.31,0.31
TCG,0,0,0.51
TCT,0.29,0.83,0.54
TGA,0.28,0.47,0.9
TGC,0.99,1.24,2.47
TGG,0.73,0.23,1.13
TGT,0.24,2.12,0.24
TTA,0.33,0.83,1.41
TTC,0.62,0.28,0.35
TTG,0.77,0.17,0.72
TTT,0.58,0.45,0.41
